{
    "author": "malishok",
    "ideas": [
        {
            "ticker": "BABA",
            "currency": "USD",
            "targetPrice": 200,
            "risk": "medium"
        },
        {
            "ticker": "BIDU",
            "currency": "USD",
            "targetPrice": 230,
            "risk": "medium"
        },
        {
            "ticker": "SLB",
            "currency": "USD",
            "targetPrice": 45,
            "risk": "low"
        },
        {
            "ticker": "FTI",
            "currency": "USD",
            "targetPrice": 12,
            "risk": "medium"
        },
        {
            "ticker": "NTNX",
            "currency": "USD",
            "targetPrice": 35,
            "risk": "medium"
        },
        {
            "ticker": "OIS",
            "currency": "USD",
            "targetPrice": 8,
            "risk": "high"
        },

        {
            "ticker": "PAA",
            "currency": "USD",
            "targetPrice": 16,
            "risk": "high"
        },
        {
            "ticker": "SABR",
            "currency": "USD",
            "targetPrice": 15,
            "risk": "high"
        },
        {
            "ticker": "SPR",
            "currency": "USD",
            "targetPrice": 45,
            "risk": "high"
        },
        {
            "ticker": "GAZP",
            "currency": "RUB",
            "targetPrice": 300,
            "risk": "low"
        },
        {
            "ticker": "SIBN",
            "currency": "RUB",
            "targetPrice": 500,
            "risk": "low"
        },
        {
            "ticker": "AFLT",
            "currency": "RUB",
            "targetPrice": 60,
            "risk": "low"
        },
        {
            "ticker": "LENT",
            "currency": "RUB",
            "targetPrice": 1800,
            "risk": "low"
        },
        {
            "ticker": "LKOH",
            "currency": "RUB",
            "targetPrice": 6000,
            "risk": "low"
        },
        {
            "ticker": "SBER",
            "currency": "RUB",
            "targetPrice": 250,
            "risk": "low"
        },
        {
            "ticker": "VTBR",
            "currency": "RUB",
            "targetPrice": 0.05,
            "risk": "low"
        },
        {
            "ticker": "ALRS",
            "currency": "RUB",
            "targetPrice": 120,
            "risk": "low"
        },
        {
            "ticker": "GMKN",
            "currency": "RUB",
            "targetPrice": 25000,
            "risk": "low"
        },
        {
            "ticker": "LI",
            "currency": "USD",
            "targetPrice": 45,
            "risk": "medium"
        },
        {
            "ticker": "VRT",
            "currency": "USD",
            "targetPrice": 20,
            "risk": "medium"
        },
        {
            "ticker": "MTLRP",
            "currency": "RUB",
            "targetPrice": 300,
            "risk": "high"
        },
        {
            "ticker": "S",
            "currency": "USD",
            "targetPrice": 63,
            "risk": "high"
        },
        {
            "ticker": "RASP",
            "currency": "RUB",
            "targetPrice": 450,
            "risk": "low"
        },
        {
            "ticker": "AFKS",
            "currency": "RUB",
            "targetPrice": 30,
            "risk": "low"
        },
        {
            "ticker": "CRWD",
            "currency": "USD",
            "targetPrice": 250,
            "risk": "high"
        },
        {
            "ticker": "COUR",
            "currency": "USD",
            "targetPrice": 30,
            "risk": "medium"
        },
        {
            "ticker": "PYPL",
            "currency": "USD",
            "targetPrice": 170,
            "risk": "medium"
        },
        {
            "ticker": "VKCO",
            "currency": "RUB",
            "targetPrice": 900,
            "risk": "low"
        },
        {
            "ticker": "META",
            "currency": "USD",
            "targetPrice": 230,
            "risk": "low"
        },
        {
            "ticker": "TWTR",
            "currency": "USD",
            "targetPrice": 60,
            "risk": "low"
        },
        {
            "ticker": "NOV",
            "currency": "USD",
            "targetPrice": 25,
            "risk": "low"
        },
        {
            "ticker": "CRM",
            "currency": "USD",
            "targetPrice": 330,
            "risk": "low"
        },
        {
            "ticker": "YNDX",
            "currency": "RUB",
            "targetPrice": 3000,
            "risk": "low"
        },
        {
            "ticker": "VET",
            "currency": "USD",
            "targetPrice": 35,
            "risk": "medium"
        }
    ]
}
